field,name,units,detrend,min,mean,max,p95,p99
number_density,Number density,m^-3,linear,0.0,9.88945869409655e+21,3.042827517516561e+22,2.4668857496834054e+22,2.844300763067302e+22
pressure,Pressure,Pa,linear,0.0,12.842777411445264,27.450545902007246,22.94256904930375,24.867155971567545
