field,probe,x_mm,y_mm,peak_khz,total_rms,mean_value
number_density,boundary,60.82431307243964,0.475,259.4810379241517,3.1734911968102444e+21,2.484181562524387e+23
number_density,freestream,30.0,2.875,359.2814371257485,6.124373389870184e+21,1.3202992137565257e+24
pressure,boundary,60.82431307243964,0.475,259.4810379241517,13.260485121014472,896.1101164370477
pressure,freestream,30.0,2.875,359.2814371257485,5.227211014198724,950.0435268379257
