field,probe,x_mm,y_mm,peak_khz,total_rms,mean_value
number_density,boundary,70.0,0.496031746031746,190.0,4.861721835034959e+21,2.280591257828457e+23
number_density,freestream,50.013324450366426,2.4007936507936507,980.0,9.500772711672297e+21,1.1977619581155537e+24
pressure,boundary,70.0,0.496031746031746,190.0,20.160340534022456,806.8906505126953
pressure,freestream,50.013324450366426,2.4007936507936507,530.0,7.951649143623985,826.2058049316406
