{
  "field": "number_density",
  "variable_name": "Number density",
  "units": "m^-3",
  "cube_shape": [
    1000,
    63,
    1501
  ],
  "crop_mm": {
    "x": [
      40.01998667554963,
      99.98001332445037
    ],
    "y": [
      0.01984126984126984,
      2.4801587301587302
    ]
  },
  "dt_seconds": 1e-07,
  "sampling_frequency_hz": 10000000.0,
  "step_first": 0,
  "step_interval": 1,
  "detrend": "mean",
  "moving_average_window": 300,
  "svd_rank": 30,
  "exact": true,
  "opt": true,
  "forward_backward": true,
  "sorted_eigs": "abs",
  "n_positive_modes": 14,
  "snapshot_matrix_condition_number": 67623543022029.945,
  "dominant_mode": {
    "rank": 1,
    "full_index": 14,
    "frequency_hz": 280471.3372211811,
    "frequency_khz": 280.4713372211811,
    "growth_rate_per_s": -2378.473244346331,
    "amplitude_abs": 6.554888151265213e+23,
    "normalized_amplitude": 1.0,
    "coefficient_rms": 5.848070231424583e+23,
    "wavelength_mm": 2.8571428571428577,
    "phase_speed_mps": 801.3466777748033,
    "eigenvalue_real": 0.9842783224825705,
    "eigenvalue_imag": 0.17527293677801145,
    "mode_real_abs_max": 1.0754581892320847e+22,
    "mode_amplitude_max": 1.0754581892320845e+22
  }
}