{
  "field": "pressure",
  "variable_name": "Pressure",
  "units": "Pa",
  "cube_shape": [
    1000,
    63,
    1501
  ],
  "crop_mm": {
    "x": [
      40.01998667554963,
      99.98001332445037
    ],
    "y": [
      0.01984126984126984,
      2.4801587301587302
    ]
  },
  "dt_seconds": 1e-07,
  "sampling_frequency_hz": 10000000.0,
  "step_first": 0,
  "step_interval": 1,
  "detrend": "mean",
  "moving_average_window": 300,
  "svd_rank": 30,
  "exact": true,
  "opt": true,
  "forward_backward": true,
  "sorted_eigs": "abs",
  "n_positive_modes": 15,
  "snapshot_matrix_condition_number": 42760027659467.57,
  "dominant_mode": {
    "rank": 1,
    "full_index": 6,
    "frequency_hz": 279814.67294447916,
    "frequency_khz": 279.8146729444792,
    "growth_rate_per_s": -2671.5120062521564,
    "amplitude_abs": 445.8536865798977,
    "normalized_amplitude": 1.0,
    "coefficient_rms": 392.47867543314715,
    "wavelength_mm": 2.8571428571428577,
    "phase_speed_mps": 799.4704941270835,
    "eigenvalue_real": 0.9843217104580272,
    "eigenvalue_imag": 0.17486169001197094,
    "mode_real_abs_max": 6.67479953829984,
    "mode_amplitude_max": 6.67479953829984
  }
}