{
  "grid": {
    "x_min_mm": 40.0,
    "x_max_mm": 100.0,
    "y_min_mm": 0.0,
    "y_max_mm": 2.5,
    "nx": 1501,
    "ny": 63,
    "note": "uniform cell centres in mm"
  },
  "time": {
    "n_snapshots": 1000,
    "step_first": 0,
    "step_interval": 1,
    "dt_seconds": 1e-07,
    "sampling_frequency_hz": 10000000.0,
    "nyquist_hz": 5000000.0,
    "note": "step_first/step_interval are nominal snapshot indices; dt is physical"
  },
  "fs_khz": 10000.0,
  "nyquist_khz": 5000.0,
  "df_khz": 10.0,
  "record_us": 99.89999999999999,
  "fields": {
    "number_density": {
      "name": "Number density",
      "units": "m^-3",
      "shape": [
        1000,
        63,
        1501
      ],
      "mean_stats": {
        "min": 0.0,
        "mean": 7.735990211361662e+23,
        "max": 1.2082160742188641e+24,
        "p95": 1.1981743973803172e+24,
        "p99": 1.2042000040647567e+24
      }
    },
    "pressure": {
      "name": "Pressure",
      "units": "Pa",
      "shape": [
        1000,
        63,
        1501
      ],
      "mean_stats": {
        "min": 0.0,
        "mean": 802.6003418330813,
        "max": 836.7089791259766,
        "p95": 829.7381399658203,
        "p99": 833.4515857727051
      }
    }
  },
  "number_density_freestream_check": {
    "probe_x_mm": 50.013324450366426,
    "probe_y_mm": 2.4007936507936507,
    "mean_value": 1.1977619581155537e+24,
    "reference": 1.2e+24,
    "relative_error": -0.0018650349037053122
  }
}