{
  "grid": {
    "x_min_mm": 0.0,
    "x_max_mm": 120.0,
    "y_min_mm": 0.0,
    "y_max_mm": 3.0,
    "nx": 2402,
    "ny": 60,
    "note": "uniform cell centres in mm"
  },
  "time": {
    "n_snapshots": 501,
    "step_first": 750000,
    "step_interval": 100,
    "tau_seconds": 1e-09,
    "dt_seconds": 1.0000000000000001e-07,
    "sampling_frequency_hz": 10000000.0,
    "nyquist_hz": 5000000.0
  },
  "fs_khz": 10000.0,
  "nyquist_khz": 5000.0,
  "df_khz": 19.960079840319363,
  "record_us": 50.0,
  "fields": {
    "number_density": {
      "name": "Number density",
      "units": "m^-3",
      "shape": [
        501,
        60,
        2402
      ],
      "mean_stats": {
        "min": 0.0,
        "mean": 9.68991615753103e+23,
        "max": 2.0673222293675594e+24,
        "p95": 1.377473739460237e+24,
        "p99": 1.5520170013979307e+24
      }
    },
    "pressure": {
      "name": "Pressure",
      "units": "Pa",
      "shape": [
        501,
        60,
        2402
      ],
      "mean_stats": {
        "min": 0.0,
        "mean": 915.2989045531453,
        "max": 2878.200397544754,
        "p95": 1020.989610421491,
        "p99": 1203.6211751911214
      }
    }
  },
  "number_density_freestream_check": {
    "probe_x_mm": 30.0,
    "probe_y_mm": 2.875,
    "mean_value": 1.3202992137565257e+24,
    "reference": 1.2e+24,
    "relative_error": 0.10024934479710469
  }
}