n_pairs,n_modes,error_vs_full_DMD_model,error_vs_raw_fluctuation,frequencies_khz
1,2,0.718852,0.991854,279.8
2,4,0.567463,0.988553,279.8;323.1
3,6,0.419484,0.986069,279.8;323.1;244.5
4,8,0.313817,0.984749,279.8;323.1;244.5;213.5
5,10,0.248362,0.984122,279.8;323.1;244.5;213.5;293.1
6,12,0.179890,0.983621,279.8;323.1;244.5;213.5;293.1;264.2
